,PDB,CHAIN,SP_PRIMARY,PFAM_ID,COVERAGE
0,1a17,A,P53041,PF00515,1.0
1,1ap7,A,Q60773,PF12796,1.0
2,1awc,B,Q00420,PF12796,1.0
3,1b3u,A,P30153,PF02985,1.0
4,1b3u,B,P30153,PF02985,1.0
5,1b89,A,P49951,PF00637,1.0
6,1bd8,A,P55273,PF12796,1.0
7,1bd8,A,P55273,PF13857,1.0
8,1bi8,B,P55273,PF12796,1.0
9,1bi8,B,P55273,PF13857,1.0
10,1bi8,D,P55273,PF12796,1.0
11,1bi8,D,P55273,PF13857,1.0
12,1bk5,A,Q02821,PF00514,1.0
13,1bk5,B,Q02821,PF00514,1.0
14,1bk6,A,Q02821,PF00514,1.0
15,1bk6,B,Q02821,PF00514,1.0
16,1blx,B,Q60773,PF12796,1.0
17,1bpo,B,P11442,PF01394,1.0
18,1bpo,B,P11442,PF09268,1.0
19,1bpo,B,P11442,PF13838,1.0
20,1bpo,C,P11442,PF01394,1.0
21,1bpo,C,P11442,PF09268,1.0
22,1bpo,C,P11442,PF13838,1.0
23,1bu9,A,P42773,PF13857,1.0
24,1d8d,A,Q04631,PF01239,1.0
25,1d8e,A,Q04631,PF01239,1.0
26,1dce,A,Q08602,PF01239,1.0
27,1dce,A,Q08602,PF07711,1.0
28,1dcq,A,Q7SIG6,PF01412,1.0
29,1dcq,A,Q7SIG6,PF12796,1.0
30,1ee4,A,Q02821,PF00514,1.0
31,1ee4,B,Q02821,PF00514,1.0
32,1ee5,A,Q02821,PF00514,1.0
33,1ejl,I,P52293,PF00514,1.0
34,1ejl,I,P52293,PF16186,1.0
35,1ejy,I,P52293,PF00514,1.0
36,1ejy,I,P52293,PF16186,1.0
37,1elk,A,O60784,PF00790,1.0
38,1fch,A,P50542,PF13181,1.0
39,1fch,A,P50542,PF13432,1.0
40,1fch,B,P50542,PF13181,1.0
41,1fch,B,P50542,PF13432,1.0
42,1fpp,A,Q04631,PF01239,1.0
43,1ft1,A,Q04631,PF01239,1.0
44,1ft2,A,Q04631,PF01239,1.0
45,1g3j,A,P35222,PF00514,1.0
46,1g3j,C,P35222,PF00514,1.0
47,1g3n,B,P42773,PF13857,1.0
48,1g3n,F,P42773,PF13857,1.0
49,1gcj,A,P70168,PF03810,1.0
50,1gcj,A,P70168,PF13513,1.0
51,1gcj,B,P70168,PF03810,1.0
52,1gcj,B,P70168,PF13513,1.0
53,1h2v,C,Q09161,PF02854,1.0
54,1h2v,C,Q09161,PF09088,1.0
55,1h2v,C,Q09161,PF09090,1.0
56,1h2v,C,Q09161,PF02854,1.0
57,1h2v,C,Q09161,PF09088,1.0
58,1h2v,C,Q09161,PF09090,1.0
59,1h2v,C,Q09161,PF02854,1.0
60,1h2v,C,Q09161,PF09088,1.0
61,1h2v,C,Q09161,PF09090,1.0
62,1ho8,A,P41807,PF03224,1.0
63,1ho8,A,P41807,PF11698,1.0
64,1hs6,A,P09960,PF01433,1.0
65,1hs6,A,P09960,PF09127,1.0
66,1hs6,A,P09960,PF17900,1.0
67,1hu3,A,O43432,PF02854,1.0
68,1i7w,A,Q02248,PF00514,1.0
69,1i7w,C,Q02248,PF00514,1.0
70,1i7x,A,Q02248,PF00514,1.0
71,1i7x,C,Q02248,PF00514,1.0
72,1ial,A,P52293,PF00514,1.0
73,1ib2,A,Q14671,PF00806,1.0
74,1ibr,B,Q14974,PF00514,1.0
75,1ibr,B,Q14974,PF03810,1.0
76,1ibr,D,Q14974,PF00514,1.0
77,1ibr,D,Q14974,PF03810,1.0
78,1ihb,A,P42773,PF13857,1.0
79,1ihb,B,P42773,PF13857,1.0
80,1ikn,D,P25963,PF00023,1.0
81,1iq1,C,P52293,PF00514,1.0
82,1iq1,C,P52293,PF16186,1.0
83,1ixv,A,P50086,PF00023,1.0
84,1jcq,A,P49354,PF01239,1.0
85,1jcr,A,Q04631,PF01239,1.0
86,1jcs,A,Q04631,PF01239,1.0
87,1jdh,A,P35222,PF00514,1.0
88,1jpp,A,Q02248,PF00514,1.0
89,1jpp,B,Q02248,PF00514,1.0
90,1jpw,A,P35222,PF00514,1.0
91,1jpw,B,P35222,PF00514,1.0
92,1jpw,C,P35222,PF00514,1.0
93,1k1a,A,P20749,PF00023,1.0
94,1k1b,A,P20749,PF00023,1.0
95,1k3z,D,Q60778,PF00023,1.0
96,1kzo,A,Q04631,PF01239,1.0
97,1kzp,A,Q04631,PF01239,1.0
98,1ld7,A,P49354,PF01239,1.0
99,1ld8,A,P49354,PF01239,1.0
100,1lf8,A,Q9NZ52,PF00790,1.0
101,1lf8,B,Q9NZ52,PF00790,1.0
102,1lf8,C,Q9NZ52,PF00790,1.0
103,1lf8,D,Q9NZ52,PF00790,1.0
104,1lrv,A,Q44534,PF01816,1.0
105,1lrv,A,Q44534,PF05484,1.0
106,1ltx,A,Q08602,PF01239,1.0
107,1ltx,A,Q08602,PF07711,1.0
108,1luj,A,P35222,PF00514,1.0
109,1m1e,A,Q02248,PF00514,1.0
110,1m8w,A,Q14671,PF00806,1.0
111,1m8w,B,Q14671,PF00806,1.0
112,1m8x,A,Q14671,PF00806,1.0
113,1m8x,B,Q14671,PF00806,1.0
114,1m8y,A,Q14671,PF00806,1.0
115,1m8y,B,Q14671,PF00806,1.0
116,1m8z,A,Q14671,PF00806,1.0
117,1mx2,A,P42773,PF13857,1.0
118,1mx2,B,P42773,PF13857,1.0
119,1mx4,A,P42773,PF13857,1.0
120,1mx4,B,P42773,PF13857,1.0
121,1mx6,A,P42773,PF13857,1.0
122,1mx6,B,P42773,PF13857,1.0
123,1myo,A,P62775,PF12796,1.0
124,1mzc,A,P49354,PF01239,1.0
125,1n11,A,P16157,PF00023,1.0
126,1n4p,A,Q04631,PF01239,1.0
127,1n4p,C,Q04631,PF01239,1.0
128,1n4p,E,Q04631,PF01239,1.0
129,1n4p,G,Q04631,PF01239,1.0
130,1n4p,I,Q04631,PF01239,1.0
131,1n4p,K,Q04631,PF01239,1.0
132,1n4q,A,Q04631,PF01239,1.0
133,1n4q,C,Q04631,PF01239,1.0
134,1n4q,E,Q04631,PF01239,1.0
135,1n4q,G,Q04631,PF01239,1.0
136,1n4q,I,Q04631,PF01239,1.0
137,1n4q,K,Q04631,PF01239,1.0
138,1n4r,A,Q04631,PF01239,1.0
139,1n4r,C,Q04631,PF01239,1.0
140,1n4r,E,Q04631,PF01239,1.0
141,1n4r,G,Q04631,PF01239,1.0
142,1n4r,I,Q04631,PF01239,1.0
143,1n4r,K,Q04631,PF01239,1.0
144,1n4s,A,Q04631,PF01239,1.0
145,1n4s,C,Q04631,PF01239,1.0
146,1n4s,E,Q04631,PF01239,1.0
147,1n4s,G,Q04631,PF01239,1.0
148,1n4s,I,Q04631,PF01239,1.0
149,1n4s,K,Q04631,PF01239,1.0
150,1n94,A,Q04631,PF01239,1.0
151,1n95,A,Q04631,PF01239,1.0
152,1n9a,A,Q04631,PF01239,1.0
153,1nfi,E,P25963,PF00023,1.0
154,1nfi,F,P25963,PF00023,1.0
155,1ni1,A,Q04631,PF01239,1.0
156,1nl4,A,Q04631,PF01239,1.0
157,1nzn,A,Q9Y3D6,PF14852,1.0
158,1nzn,A,Q9Y3D6,PF14853,1.0
159,1o1r,A,Q04631,PF01239,1.0
160,1o1s,A,Q04631,PF01239,1.0
161,1o1t,A,Q04631,PF01239,1.0
162,1o5m,A,Q04631,PF01239,1.0
163,1o6o,C,Q14974,PF00514,1.0
164,1o6o,C,Q14974,PF03810,1.0
165,1ot8,A,P07207,PF12796,1.0
166,1ot8,A,P07207,PF13857,1.0
167,1ot8,B,P07207,PF12796,1.0
168,1ot8,B,P07207,PF13857,1.0
169,1ot8,C,P07207,PF12796,1.0
170,1ot8,C,P07207,PF13857,1.0
171,1ouv,A,O25728,PF08238,1.0
172,1oy3,D,Q60778,PF00023,1.0
173,1oyz,A,P0ADK6,PF13646,1.0
174,1p5q,A,Q02790,PF00254,1.0
175,1p5q,A,Q02790,PF00515,1.0
176,1pjm,B,P52293,PF00514,1.0
177,1pjm,B,P52293,PF16186,1.0
178,1pjn,B,P52293,PF00514,1.0
179,1pjn,B,P52293,PF16186,1.0
180,1q1s,C,P52293,PF00514,1.0
181,1q1s,C,P52293,PF16186,1.0
182,1q1t,C,P52293,PF00514,1.0
183,1q1t,C,P52293,PF16186,1.0
184,1qbk,B,Q92973,PF03810,1.0
185,1qbk,B,Q92973,PF13513,1.0
186,1qbq,A,Q04631,PF01239,1.0
187,1qgk,A,Q14974,PF00514,1.0
188,1qgk,A,Q14974,PF03810,1.0
189,1qgr,A,Q14974,PF00514,1.0
190,1qgr,A,Q14974,PF03810,1.0
191,1qqe,A,P32602,PF14938,1.0
192,1qym,A,O75832,PF12796,1.0
193,1qym,A,O75832,PF13637,1.0
194,1qz7,A,P35222,PF00514,1.0
195,1rz4,A,Q9UBQ5,PF10075,1.0
196,1s63,A,P49354,PF01239,1.0
197,1s64,A,Q04631,PF01239,1.0
198,1s64,C,Q04631,PF01239,1.0
199,1s64,E,Q04631,PF01239,1.0
200,1s64,G,Q04631,PF01239,1.0
201,1s64,I,Q04631,PF01239,1.0
202,1s64,K,Q04631,PF01239,1.0
203,1s70,B,Q90623,PF12796,1.0
204,1s70,B,Q90623,PF13637,1.0
205,1s70,B,Q90623,PF12796,1.0
206,1s70,B,Q90623,PF13637,1.0
207,1sa4,A,P49354,PF01239,1.0
208,1sa5,A,Q04631,PF01239,1.0
209,1sly,A,P0AGC3,PF01464,1.0
210,1sly,A,P0AGC3,PF14718,1.0
211,1sw6,A,P09959,PF13606,1.0
212,1t08,A,P35222,PF00514,1.0
213,1th1,A,P35222,PF00514,1.0
214,1th1,B,P35222,PF00514,1.0
215,1tn6,A,P49354,PF01239,1.0
216,1tn7,A,Q04631,PF01239,1.0
217,1tn8,A,Q04631,PF01239,1.0
218,1tnb,A,Q04631,PF01239,1.0
219,1tnb,C,Q04631,PF01239,1.0
220,1tnb,E,Q04631,PF01239,1.0
221,1tnb,G,Q04631,PF01239,1.0
222,1tnb,I,Q04631,PF01239,1.0
223,1tnb,K,Q04631,PF01239,1.0
224,1tno,A,Q04631,PF01239,1.0
225,1tno,C,Q04631,PF01239,1.0
226,1tno,E,Q04631,PF01239,1.0
227,1tno,G,Q04631,PF01239,1.0
228,1tno,I,Q04631,PF01239,1.0
229,1tno,K,Q04631,PF01239,1.0
230,1tnu,A,Q04631,PF01239,1.0
231,1tnu,C,Q04631,PF01239,1.0
232,1tnu,E,Q04631,PF01239,1.0
233,1tnu,G,Q04631,PF01239,1.0
234,1tnu,I,Q04631,PF01239,1.0
235,1tnu,K,Q04631,PF01239,1.0
236,1tny,A,Q04631,PF01239,1.0
237,1tny,C,Q04631,PF01239,1.0
238,1tny,E,Q04631,PF01239,1.0
239,1tny,G,Q04631,PF01239,1.0
240,1tny,I,Q04631,PF01239,1.0
241,1tny,K,Q04631,PF01239,1.0
242,1tnz,A,Q04631,PF01239,1.0
243,1tnz,C,Q04631,PF01239,1.0
244,1tnz,E,Q04631,PF01239,1.0
245,1tnz,G,Q04631,PF01239,1.0
246,1tnz,I,Q04631,PF01239,1.0
247,1tnz,K,Q04631,PF01239,1.0
248,1tr4,A,O75832,PF12796,1.0
249,1tr4,A,O75832,PF13637,1.0
250,1u6g,C,Q86VP6,PF08623,1.0
251,1ukl,A,P70168,PF03810,1.0
252,1ukl,A,P70168,PF13513,1.0
253,1un0,A,Q02821,PF00514,1.0
254,1un0,A,Q02821,PF16186,1.0
255,1un0,B,Q02821,PF00514,1.0
256,1un0,B,Q02821,PF16186,1.0
257,1uoh,A,O75832,PF12796,1.0
258,1uoh,A,O75832,PF13637,1.0
259,1upk,A,Q9Y376,PF08569,1.0
260,1upl,A,Q9Y376,PF08569,1.0
261,1upl,B,Q9Y376,PF08569,1.0
262,1uw4,B,Q9HAU5,PF02854,1.0
263,1v18,A,Q02248,PF00514,1.0
264,1w3b,A,O15294,PF00515,1.0
265,1w3b,A,O15294,PF13181,1.0
266,1w3b,A,O15294,PF13414,1.0
267,1w3b,A,O15294,PF13424,1.0
268,1w3b,B,O15294,PF00515,1.0
269,1w3b,B,O15294,PF13181,1.0
270,1w3b,B,O15294,PF13414,1.0
271,1w3b,B,O15294,PF13424,1.0
272,1w9c,A,O14980,PF08767,1.0
273,1w9c,B,O14980,PF08767,1.0
274,1wa5,B,Q02821,PF00514,1.0
275,1wa5,B,Q02821,PF01749,1.0
276,1wa5,B,Q02821,PF16186,1.0
277,1wdy,A,Q05823,PF00023,1.0
278,1wg0,A,P50086,PF00023,1.0
279,1wm5,A,P19878,PF13181,1.0
280,1wy6,A,Q970G9,PF09205,1.0
281,1x81,A,Q04631,PF01239,1.0
282,1xm9,A,Q13835,PF00514,1.0
283,1y2a,C,P52293,PF00514,1.0
284,1ymp,A,Q01705,PF00023,1.0
285,1ymp,B,Q01705,PF00023,1.0
286,1yvp,B,P42700,PF05731,1.0
287,1yvr,A,P42700,PF05731,1.0
288,1yyh,A,P46531,PF00023,1.0
289,1yyh,A,P46531,PF12796,1.0
290,1yyh,A,P46531,PF13637,1.0
291,1yyh,B,P46531,PF00023,1.0
292,1yyh,B,P46531,PF12796,1.0
293,1yyh,B,P46531,PF13637,1.0
294,1z1w,A,O93655,PF01433,1.0
295,1z1w,A,O93655,PF11838,1.0
296,1z1w,A,O93655,PF17900,1.0
297,1z3h,A,P33307,PF03378,1.0
298,1z3h,A,P33307,PF03810,1.0
299,1z3h,A,P33307,PF08506,1.0
300,1z3h,B,P33307,PF03378,1.0
301,1z3h,B,P33307,PF03810,1.0
302,1z3h,B,P33307,PF08506,1.0
303,2a4z,A,P48736,PF00454,1.0
304,2a4z,A,P48736,PF00613,1.0
305,2a4z,A,P48736,PF00792,1.0
306,2a4z,A,P48736,PF00794,1.0
307,2awi,F,Q04114,PF01381,1.0
308,2awi,I,Q04114,PF01381,1.0
309,2awi,J,Q04114,PF01381,1.0
310,2awi,L,Q04114,PF01381,1.0
311,2axv,A,Q04114,PF01381,1.0
312,2axz,A,Q04114,PF01381,1.0
313,2axz,C,Q04114,PF01381,1.0
314,2axz,D,Q04114,PF01381,1.0
315,2b6c,A,Q82ZI8,PF08713,1.0
316,2b7m,C,P19658,PF03081,1.0
317,2bct,A,Q02248,PF00514,1.0
318,2bed,A,Q04631,PF01239,1.0
319,2bku,B,Q06142,PF02985,1.0
320,2bku,B,Q06142,PF03810,1.0
321,2bku,D,Q06142,PF02985,1.0
322,2bku,D,Q06142,PF03810,1.0
323,2c0l,A,P50542,PF13181,1.0
324,2c0l,A,P50542,PF13432,1.0
325,2c0m,A,P50542,PF13181,1.0
326,2c0m,A,P50542,PF13432,1.0
327,2c0m,B,P50542,PF13181,1.0
328,2c0m,B,P50542,PF13432,1.0
329,2c0m,C,P50542,PF13181,1.0
330,2c0m,C,P50542,PF13432,1.0
331,2c0m,F,P50542,PF13181,1.0
332,2c0m,F,P50542,PF13432,1.0
333,2c1m,A,P52293,PF00514,1.0
334,2c1t,A,Q02821,PF00514,1.0
335,2c1t,A,Q02821,PF16186,1.0
336,2c1t,B,Q02821,PF00514,1.0
337,2c1t,B,Q02821,PF16186,1.0
338,2db0,A,O58277,PF02985,1.0
339,2db0,A,O58277,PF18817,1.0
340,2dvw,A,Q9Z2X2,PF12796,1.0
341,2dvw,A,Q9Z2X2,PF13637,1.0
342,2dwz,A,Q9Z2X2,PF12796,1.0
343,2dwz,A,Q9Z2X2,PF13637,1.0
344,2dwz,C,Q9Z2X2,PF12796,1.0
345,2dwz,C,Q9Z2X2,PF13637,1.0
346,2dzn,A,P50086,PF00023,1.0
347,2dzn,C,P50086,PF00023,1.0
348,2dzn,E,P50086,PF00023,1.0
349,2dzo,A,P50086,PF00023,1.0
350,2dzo,C,P50086,PF00023,1.0
351,2f0y,A,P49354,PF01239,1.0
352,2f8x,K,P46531,PF00023,1.0
353,2f8x,K,P46531,PF12796,1.0
354,2f8x,K,P46531,PF13637,1.0
355,2f8y,A,P46531,PF12796,1.0
356,2f8y,A,P46531,PF13637,1.0
357,2f8y,B,P46531,PF12796,1.0
358,2f8y,B,P46531,PF13637,1.0
359,2fi7,B,Q9HXJ2,PF13414,1.0
360,2fi7,B,Q9HXJ2,PF13424,1.0
361,2fv2,B,Q92600,PF04078,1.0
362,2fv2,C,Q92600,PF04078,1.0
363,2fv2,D,Q92600,PF04078,1.0
364,2gl7,A,P35222,PF00514,1.0
365,2gl7,D,P35222,PF00514,1.0
366,2gw1,A,P07213,PF00515,1.0
367,2gw1,A,P07213,PF00515,1.0
368,2h4m,A,Q92973,PF03810,1.0
369,2h4m,A,Q92973,PF13513,1.0
370,2h4m,B,Q92973,PF03810,1.0
371,2h4m,B,Q92973,PF13513,1.0
372,2h6f,A,P49354,PF01239,1.0
373,2h6g,A,P49354,PF01239,1.0
374,2h6h,A,P49354,PF01239,1.0
375,2h6i,A,P49354,PF01239,1.0
376,2he0,A,P46531,PF00023,1.0
377,2he0,A,P46531,PF12796,1.0
378,2he0,A,P46531,PF13637,1.0
379,2he0,B,P46531,PF00023,1.0
380,2he0,B,P46531,PF12796,1.0
381,2he0,B,P46531,PF13637,1.0
382,2ho1,A,Q9HXJ2,PF13414,1.0
383,2ho1,A,Q9HXJ2,PF13424,1.0
384,2ho1,B,Q9HXJ2,PF13414,1.0
385,2ho1,B,Q9HXJ2,PF13424,1.0
386,2hye,C,Q13619,PF00888,1.0
387,2hye,C,Q13619,PF10557,1.0
388,2iae,A,Q76MZ3,PF02985,1.0
389,2iae,A,Q76MZ3,PF13646,1.0
390,2iae,D,Q76MZ3,PF02985,1.0
391,2iae,D,Q76MZ3,PF13646,1.0
392,2ie3,A,P30153,PF02985,1.0
393,2ie4,A,P30153,PF02985,1.0
394,2iej,A,P49354,PF01239,1.0
395,2ifu,B,Q5BJK3,PF14938,1.0
396,2ifu,C,Q5BJK3,PF14938,1.0
397,2ifu,D,Q5BJK3,PF14938,1.0
398,2j9q,A,P50542,PF13181,1.0
399,2j9q,A,P50542,PF13432,1.0
400,2jdq,A,P52294,PF00514,1.0
401,2jdq,B,P52294,PF00514,1.0
402,2jkr,A,P17427,PF01602,1.0
403,2jkr,B,P63010,PF01602,1.0
404,2jkr,E,P63010,PF01602,1.0
405,2jkt,A,P17427,PF01602,1.0
406,2jkt,B,P63010,PF01602,1.0
407,2jkt,E,P63010,PF01602,1.0
408,2n3v,A,P38764,PF01851,1.0
409,2npp,A,P30153,PF02985,1.0
410,2npp,B,Q13362,PF01603,1.0
411,2npp,D,P30153,PF02985,1.0
412,2nyl,A,P30153,PF02985,1.0
413,2nyl,D,P30153,PF02985,1.0
414,2nym,A,P30153,PF02985,1.0
415,2nym,D,P30153,PF02985,1.0
416,2ot8,A,Q92973,PF03810,1.0
417,2ot8,A,Q92973,PF13513,1.0
418,2ot8,B,Q92973,PF03810,1.0
419,2ot8,B,Q92973,PF13513,1.0
420,2p8q,A,Q14974,PF00514,1.0
421,2p8q,A,Q14974,PF03810,1.0
422,2pf4,A,Q76MZ3,PF02985,1.0
423,2pf4,A,Q76MZ3,PF13646,1.0
424,2pf4,B,Q76MZ3,PF02985,1.0
425,2pf4,B,Q76MZ3,PF13646,1.0
426,2pf4,C,Q76MZ3,PF02985,1.0
427,2pf4,C,Q76MZ3,PF13646,1.0
428,2pf4,D,Q76MZ3,PF02985,1.0
429,2pf4,D,Q76MZ3,PF13646,1.0
430,2pkg,A,P30153,PF02985,1.0
431,2pkg,B,P30153,PF02985,1.0
432,2pl2,A,Q72L02,PF13176,1.0
433,2pl2,A,Q72L02,PF14559,1.0
434,2pl2,B,Q72L02,PF13176,1.0
435,2pl2,B,Q72L02,PF14559,1.0
436,2pnn,A,O35433,PF00023,1.0
437,2q5d,A,Q14974,PF00514,1.0
438,2q5d,A,Q14974,PF03810,1.0
439,2q5d,B,Q14974,PF00514,1.0
440,2q5d,B,Q14974,PF03810,1.0
441,2q7f,A,O34452,PF13174,1.0
442,2q7f,A,O34452,PF13414,1.0
443,2q7f,B,O34452,PF13174,1.0
444,2q7f,B,O34452,PF13414,1.0
445,2qc9,A,Q01705,PF00023,1.0
446,2qc9,B,Q01705,PF00023,1.0
447,2qk2,A,Q9VEZ3,PF12348,1.0
448,2qmr,A,Q92973,PF03810,1.0
449,2qmr,A,Q92973,PF13513,1.0
450,2qmr,B,Q92973,PF03810,1.0
451,2qmr,B,Q92973,PF13513,1.0
452,2qmr,C,Q92973,PF03810,1.0
453,2qmr,C,Q92973,PF13513,1.0
454,2qmr,D,Q92973,PF03810,1.0
455,2qmr,D,Q92973,PF13513,1.0
456,2qna,A,Q14974,PF00514,1.0
457,2r2l,A,Q04631,PF01239,1.0
458,2rfa,A,Q91WD2,PF12796,1.0
459,2rfm,A,Q978J0,PF12796,1.0
460,2rfm,A,Q978J0,PF13857,1.0
461,2rfm,B,Q978J0,PF12796,1.0
462,2rfm,B,Q978J0,PF13857,1.0
463,2uwj,G,P95435,PF09477,1.0
464,2uy1,A,Q8SWC5,PF05843,1.0
465,2vgy,A,O87496,PF07720,1.0
466,2vq2,A,Q9JZ41,PF13429,1.0
467,2vyi,A,O43765,PF00515,1.0
468,2vyi,A,O43765,PF13181,1.0
469,2wvi,A,O60566,PF08311,1.0
470,2x19,B,O94829,PF03810,1.0
471,2x19,B,O94829,PF08389,1.0
472,2x19,B,O94829,PF18773,1.0
473,2x19,B,O94829,PF18786,1.0
474,2x19,B,O94829,PF18806,1.0
475,2xa7,B,P63010,PF01602,1.0
476,2xev,A,Q8P6F4,PF13174,1.0
477,2yjy,A,Q14671,PF00806,1.0
478,2yjy,B,Q14671,PF00806,1.0
479,2ynr,A,P52293,PF00514,1.0
480,2yns,A,Q71VM4,PF00514,1.0
481,2yns,A,Q71VM4,PF16186,1.0
482,2yns,B,Q71VM4,PF00514,1.0
483,2yns,B,Q71VM4,PF16186,1.0
484,2ypf,A,Q3ZD73,PF03377,0.971
485,2ypf,A,Q3ZD73,PF03377,1.0
486,2z5j,A,Q92973,PF03810,1.0
487,2z5j,A,Q92973,PF13513,1.0
488,2z5k,A,Q92973,PF03810,1.0
489,2z5k,A,Q92973,PF13513,1.0
490,2z5m,A,Q92973,PF03810,1.0
491,2z5m,A,Q92973,PF13513,1.0
492,2z5n,A,Q92973,PF03810,1.0
493,2z5n,A,Q92973,PF13513,1.0
494,2z5o,A,Q92973,PF03810,1.0
495,2z5o,A,Q92973,PF13513,1.0
496,2z6h,A,P35222,PF00514,1.0
497,2zir,A,Q04631,PF01239,1.0
498,2zis,A,Q04631,PF01239,1.0
499,2zu6,B,Q53EL6,PF02847,1.0
500,2zu6,E,Q53EL6,PF02847,1.0
501,3aaa,C,P58546,PF12796,1.0
502,3aji,A,Q9Z2X2,PF12796,1.0
503,3aji,A,Q9Z2X2,PF13637,1.0
504,3aji,C,Q9Z2X2,PF12796,1.0
505,3aji,C,Q9Z2X2,PF13637,1.0
506,3as4,A,Q2W8Q0,PF07719,1.0
507,3as4,A,Q2W8Q0,PF13432,1.0
508,3as4,A,Q2W8Q0,PF14559,1.0
509,3as5,A,Q2W8Q0,PF07719,1.0
510,3as5,A,Q2W8Q0,PF13432,1.0
511,3as5,A,Q2W8Q0,PF14559,1.0
512,3as5,B,Q2W8Q0,PF07719,1.0
513,3as5,B,Q2W8Q0,PF13432,1.0
514,3as5,B,Q2W8Q0,PF14559,1.0
515,3asd,A,Q2W8Q0,PF07719,1.0
516,3asd,A,Q2W8Q0,PF13432,1.0
517,3asd,A,Q2W8Q0,PF14559,1.0
518,3asf,A,Q93DY9,PF13181,1.0
519,3asf,A,Q93DY9,PF13432,1.0
520,3asf,B,Q93DY9,PF13181,1.0
521,3asf,B,Q93DY9,PF13432,1.0
522,3asg,A,Q2W8Q0,PF07719,1.0
523,3asg,A,Q2W8Q0,PF13432,1.0
524,3asg,A,Q2W8Q0,PF14559,1.0
525,3asg,B,Q2W8Q0,PF07719,1.0
526,3asg,B,Q2W8Q0,PF13432,1.0
527,3asg,B,Q2W8Q0,PF14559,1.0
528,3ash,A,Q2W8Q0,PF07719,1.0
529,3ash,A,Q2W8Q0,PF13432,1.0
530,3ash,A,Q2W8Q0,PF14559,1.0
531,3ash,B,Q2W8Q0,PF07719,1.0
532,3ash,B,Q2W8Q0,PF13432,1.0
533,3ash,B,Q2W8Q0,PF14559,1.0
534,3b7b,A,Q9H9B1,PF12796,1.0
535,3b7b,B,Q9H9B1,PF12796,1.0
536,3b95,A,Q9H9B1,PF12796,1.0
537,3b95,B,Q9H9B1,PF12796,1.0
538,3bsb,A,Q14671,PF00806,1.0
539,3bsb,B,Q14671,PF00806,1.0
540,3bsx,A,Q14671,PF00806,1.0
541,3bsx,B,Q14671,PF00806,1.0
542,3btr,C,P52293,PF00514,1.0
543,3bwt,A,P25339,PF00806,1.0
544,3bx2,A,P25339,PF00806,1.0
545,3bx3,A,P25339,PF00806,1.0
546,3bx3,B,P25339,PF00806,1.0
547,3cvl,A,Q9U7C3,PF13432,1.0
548,3cvn,A,Q9U7C3,PF13432,1.0
549,3cvp,A,Q57W55,PF13432,1.0
550,3d9h,A,Q96DX5,PF12796,1.0
551,3dpy,A,Q04631,PF01239,1.0
552,3dw8,A,P30153,PF02985,1.0
553,3dw8,D,P30153,PF02985,1.0
554,3e30,A,Q04631,PF01239,1.0
555,3e32,A,Q04631,PF01239,1.0
556,3e33,A,Q04631,PF01239,1.0
557,3e34,A,Q04631,PF01239,1.0
558,3e37,A,P49354,PF01239,1.0
559,3ea5,B,Q06142,PF02985,1.0
560,3ea5,B,Q06142,PF03810,1.0
561,3ea5,D,Q06142,PF02985,1.0
562,3ea5,D,Q06142,PF03810,1.0
563,3ebb,D,Q9Y263,PF08324,1.0
564,3edt,B,Q9H0B6,PF13424,1.0
565,3edt,H,Q9H0B6,PF13424,1.0
566,3eij,A,Q53EL6,PF02847,1.0
567,3esk,A,P31948,PF00515,1.0
568,3esk,A,P31948,PF13181,1.0
569,3eu9,A,Q8IUH5,PF12796,1.0
570,3eu9,B,Q8IUH5,PF12796,1.0
571,3eu9,C,Q8IUH5,PF12796,1.0
572,3euv,A,Q04631,PF01239,1.0
573,3f6q,A,Q13418,PF13637,1.0
574,3f6q,A,Q13418,PF13857,1.0
575,3fex,C,P52292,PF00514,1.0
576,3fex,C,P52292,PF16186,1.0
577,3fey,C,P52292,PF00514,1.0
578,3fey,C,P52292,PF16186,1.0
579,3fga,A,Q76MZ3,PF02985,1.0
580,3fga,A,Q76MZ3,PF13646,1.0
581,3fp2,A,P38825,PF00515,1.0
582,3fp2,A,P38825,PF13181,1.0
583,3fp2,A,P38825,PF14559,1.0
584,3fp4,A,P38825,PF00515,1.0
585,3fp4,A,P38825,PF13181,1.0
586,3fp4,A,P38825,PF14559,1.0
587,3fp4,A,P38825,PF00515,1.0
588,3fp4,A,P38825,PF13181,1.0
589,3fp4,A,P38825,PF14559,1.0
590,3gni,A,Q9Y376,PF08569,1.0
591,3grl,A,P41541,PF04869,1.0
592,3grl,A,P41541,PF18770,1.0
593,3gvo,A,Q80U58,PF00806,1.0
594,3gvt,A,Q80U58,PF00806,1.0
595,3gvt,B,Q80U58,PF00806,1.0
596,3gw4,B,Q9RRX4,PF13424,1.0
597,3gyz,A,P0A2U4,PF07720,1.0
598,3h3d,X,P25822,PF00806,1.0
599,3h3d,Y,P25822,PF00806,1.0
600,3hra,A,Q838Q8,PF13857,1.0
601,3hym,B,Q13042,PF13176,1.0
602,3hym,B,Q13042,PF13424,1.0
603,3hym,D,Q13042,PF13176,1.0
604,3hym,D,Q13042,PF13424,1.0
605,3hym,F,Q13042,PF13176,1.0
606,3hym,F,Q13042,PF13424,1.0
607,3hym,H,Q13042,PF13176,1.0
608,3hym,H,Q13042,PF13424,1.0
609,3hym,J,Q13042,PF13176,1.0
610,3hym,J,Q13042,PF13424,1.0
611,3hym,L,Q13042,PF13176,1.0
612,3hym,L,Q13042,PF13424,1.0
613,3ieg,B,Q91YW3,PF00515,1.0
614,3ieg,B,Q91YW3,PF13181,1.0
615,3ieg,B,Q91YW3,PF13432,1.0
616,3ieg,B,Q91YW3,PF00515,1.0
617,3ieg,B,Q91YW3,PF13181,1.0
618,3ieg,B,Q91YW3,PF13432,1.0
619,3ifq,A,P14923,PF00514,1.0
620,3ixe,A,Q13418,PF13637,1.0
621,3ixe,A,Q13418,PF13857,1.0
622,3jx7,A,Q816E8,PF08713,1.0
623,3jxi,A,A0A1D5PXA5,PF00023,1.0
624,3jxi,B,A0A1D5PXA5,PF00023,1.0
625,3jxi,C,A0A1D5PXA5,PF00023,1.0
626,3jxi,D,A0A1D5PXA5,PF00023,1.0
627,3jxy,A,Q816E8,PF08713,1.0
628,3k7v,A,P30153,PF02985,1.0
629,3k7w,A,P30153,PF02985,1.0
630,3knd,A,P52293,PF00514,1.0
631,3knd,A,P52293,PF16186,1.0
632,3ksl,A,Q04631,PF01239,1.0
633,3ksq,A,Q04631,PF01239,1.0
634,3l3q,A,P52293,PF00514,1.0
635,3l6x,A,O60716,PF00514,1.0
636,3l6y,A,O60716,PF00514,1.0
637,3l6y,C,O60716,PF00514,1.0
638,3l6y,E,O60716,PF00514,1.0
639,3lvg,A,P49951,PF00637,1.0
640,3lvg,B,P49951,PF00637,1.0
641,3lvg,C,P49951,PF00637,1.0
642,3lvh,A,P49951,PF00637,1.0
643,3lvh,B,P49951,PF00637,1.0
644,3lvh,C,P49951,PF00637,1.0
645,3lww,A,Q14974,PF00514,1.0
646,3lww,A,Q14974,PF03810,1.0
647,3lww,C,Q14974,PF00514,1.0
648,3lww,C,Q14974,PF03810,1.0
649,3mkq,C,A6ZU46,PF00400,1.0
650,3mkq,C,A6ZU46,PF04053,1.0
651,3nbn,B,P46531,PF00023,1.0
652,3nbn,B,P46531,PF12796,1.0
653,3nbn,B,P46531,PF13637,1.0
654,3nbn,E,P46531,PF00023,1.0
655,3nbn,E,P46531,PF12796,1.0
656,3nbn,E,P46531,PF13637,1.0
657,3nd2,A,Q06142,PF02985,1.0
658,3nd2,A,Q06142,PF03810,1.0
659,3nf1,A,Q07866,PF00515,1.0
660,3nf1,A,Q07866,PF13424,1.0
661,3nmz,B,P25054,PF00514,1.0
662,3nmz,B,P25054,PF18797,1.0
663,3oqs,A,P52293,PF00514,1.0
664,3oqs,A,P52293,PF16186,1.0
665,3pz4,A,Q04631,PF01239,1.0
666,3q0l,A,Q14671,PF00806,1.0
667,3q0l,B,Q14671,PF00806,1.0
668,3q0m,A,Q14671,PF00806,1.0
669,3q0m,B,Q14671,PF00806,1.0
670,3q0n,A,Q14671,PF00806,1.0
671,3q0n,B,Q14671,PF00806,1.0
672,3q0o,A,Q14671,PF00806,1.0
673,3q0o,B,Q14671,PF00806,1.0
674,3q0p,A,Q14671,PF00806,1.0
675,3q0p,B,Q14671,PF00806,1.0
676,3q15,A,Q59HN8,PF13176,1.0
677,3q15,A,Q59HN8,PF18801,1.0
678,3q4a,B,Q9WUD1,PF12895,1.0
679,3q5u,A,P52293,PF00514,1.0
680,3q5u,A,P52293,PF16186,1.0
681,3q75,A,Q55S71,PF01239,1.0
682,3q78,A,Q55S71,PF01239,1.0
683,3q7a,A,Q55S71,PF01239,1.0
684,3q7f,A,Q55S71,PF01239,1.0
685,3qky,A,D0MFQ0,PF13174,1.0
686,3qky,A,D0MFQ0,PF13432,1.0
687,3rjv,A,A6TH02,PF08238,1.0
688,3ro2,A,Q8VDU0,PF13176,1.0
689,3ro2,A,Q8VDU0,PF13181,1.0
690,3ro2,A,Q8VDU0,PF13424,1.0
691,3ro3,A,Q8VDU0,PF13176,1.0
692,3ro3,A,Q8VDU0,PF13181,1.0
693,3ro3,A,Q8VDU0,PF13424,1.0
694,3rz9,A,P52293,PF00514,1.0
695,3rz9,A,P52293,PF16186,1.0
696,3rzx,A,P52293,PF00514,1.0
697,3rzx,A,P52293,PF16186,1.0
698,3sf4,A,P81274,PF13176,1.0
699,3sf4,A,P81274,PF13181,1.0
700,3sf4,B,P81274,PF13176,1.0
701,3sf4,B,P81274,PF13181,1.0
702,3sf4,C,P81274,PF13176,1.0
703,3sf4,C,P81274,PF13181,1.0
704,3sfx,A,Q55S71,PF01239,1.0
705,3sfy,A,Q55S71,PF01239,1.0
706,3sl9,A,P35222,PF00514,1.0
707,3sl9,B,P35222,PF00514,1.0
708,3sl9,E,P35222,PF00514,1.0
709,3sl9,G,P35222,PF00514,1.0
710,3sla,A,P35222,PF00514,1.0
711,3sla,B,P35222,PF00514,1.0
712,3sla,C,P35222,PF00514,1.0
713,3sla,D,P35222,PF00514,1.0
714,3sla,E,P35222,PF00514,1.0
715,3so8,A,Q9H9E1,PF12796,1.0
716,3so8,A,Q9H9E1,PF13637,1.0
717,3so8,A,Q9H9E1,PF13857,1.0
718,3sz7,A,Q4WTC0,PF13181,1.0
719,3sz7,A,Q4WTC0,PF13414,1.0
720,3t7u,A,P25054,PF00514,1.0
721,3t7u,B,P25054,PF00514,1.0
722,3tax,A,O15294,PF13414,1.0
723,3tax,A,O15294,PF13844,1.0
724,3tj3,A,P52294,PF00514,1.0
725,3tj3,B,P52294,PF00514,1.0
726,3tpm,A,P52293,PF00514,1.0
727,3tpo,A,P52293,PF00514,1.0
728,3tpo,A,P52293,PF01749,1.0
729,3tpo,A,P52293,PF16186,1.0
730,3twq,A,Q9H2K2,PF12796,1.0
731,3twq,A,Q9H2K2,PF13637,1.0
732,3twq,B,Q9H2K2,PF12796,1.0
733,3twq,B,Q9H2K2,PF13637,1.0
734,3twr,A,Q9H2K2,PF12796,1.0
735,3twr,A,Q9H2K2,PF13637,1.0
736,3twr,B,Q9H2K2,PF12796,1.0
737,3twr,B,Q9H2K2,PF13637,1.0
738,3twr,C,Q9H2K2,PF12796,1.0
739,3twr,C,Q9H2K2,PF13637,1.0
740,3twr,D,Q9H2K2,PF12796,1.0
741,3twr,D,Q9H2K2,PF13637,1.0
742,3tws,A,Q9H2K2,PF12796,1.0
743,3tws,A,Q9H2K2,PF13637,1.0
744,3tws,B,Q9H2K2,PF12796,1.0
745,3tws,B,Q9H2K2,PF13637,1.0
746,3tws,C,Q9H2K2,PF12796,1.0
747,3tws,C,Q9H2K2,PF13637,1.0
748,3tws,D,Q9H2K2,PF12796,1.0
749,3tws,D,Q9H2K2,PF13637,1.0
750,3twt,A,Q9H2K2,PF12796,1.0
751,3twt,A,Q9H2K2,PF13637,1.0
752,3twt,B,Q9H2K2,PF12796,1.0
753,3twt,B,Q9H2K2,PF13637,1.0
754,3twt,C,Q9H2K2,PF12796,1.0
755,3twt,C,Q9H2K2,PF13637,1.0
756,3twt,D,Q9H2K2,PF12796,1.0
757,3twt,D,Q9H2K2,PF13637,1.0
758,3twu,A,Q9H2K2,PF12796,1.0
759,3twu,A,Q9H2K2,PF13637,1.0
760,3twv,A,Q9H2K2,PF12796,1.0
761,3twv,A,Q9H2K2,PF13637,1.0
762,3twv,B,Q9H2K2,PF12796,1.0
763,3twv,B,Q9H2K2,PF13637,1.0
764,3twv,C,Q9H2K2,PF12796,1.0
765,3twv,C,Q9H2K2,PF13637,1.0
766,3twv,D,Q9H2K2,PF12796,1.0
767,3twv,D,Q9H2K2,PF13637,1.0
768,3tww,A,Q9H2K2,PF12796,1.0
769,3tww,A,Q9H2K2,PF13637,1.0
770,3tww,B,Q9H2K2,PF12796,1.0
771,3tww,B,Q9H2K2,PF13637,1.0
772,3twx,A,Q9H2K2,PF12796,1.0
773,3twx,A,Q9H2K2,PF13637,1.0
774,3twx,B,Q9H2K2,PF12796,1.0
775,3twx,B,Q9H2K2,PF13637,1.0
776,3tx7,A,P35222,PF00514,1.0
777,3u3w,B,Q45782,PF01381,1.0
778,3u3w,B,Q45782,PF18768,1.0
779,3u4t,A,Q11TI6,PF07719,1.0
780,3ukw,B,P52293,PF00514,1.0
781,3ukw,B,P52293,PF16186,1.0
782,3ukx,B,P52293,PF00514,1.0
783,3ukx,B,P52293,PF16186,1.0
784,3uky,B,P52293,PF00514,1.0
785,3uky,B,P52293,PF16186,1.0
786,3ukz,B,P52293,PF00514,1.0
787,3ukz,B,P52293,PF16186,1.0
788,3ul0,B,P52293,PF00514,1.0
789,3ul0,B,P52293,PF16186,1.0
790,3ul1,B,P52293,PF00514,1.0
791,3ul1,B,P52293,PF16186,1.0
792,3ulq,A,P71002,PF12895,1.0
793,3ulq,A,P71002,PF18801,1.0
794,3upv,A,P15705,PF00515,1.0
795,3uq3,A,P15705,PF00515,1.0
796,3uq3,A,P15705,PF00515,1.0
797,3urz,A,A7LZ30,PF13174,1.0
798,3uvu,A,P52293,PF00514,1.0
799,3uvu,A,P52293,PF16186,1.0
800,3uxg,A,O14593,PF00023,1.0
801,3v2o,A,Q9H9E1,PF12796,1.0
802,3v2o,A,Q9H9E1,PF13637,1.0
803,3v2o,A,Q9H9E1,PF13857,1.0
804,3v2x,A,Q9H9E1,PF12796,1.0
805,3v2x,A,Q9H9E1,PF13637,1.0
806,3v2x,A,Q9H9E1,PF13857,1.0
807,3v30,A,O14593,PF00023,1.0
808,3v31,A,Q9H9E1,PF12796,1.0
809,3v31,A,Q9H9E1,PF13637,1.0
810,3v31,A,Q9H9E1,PF13857,1.0
811,3v79,K,P46531,PF00023,1.0
812,3v79,K,P46531,PF12796,1.0
813,3v79,K,P46531,PF13637,1.0
814,3ve6,A,P52293,PF00514,1.0
815,3vtx,A,K7N5L8,PF00515,1.0
816,3vtx,A,K7N5L8,PF13181,1.0
817,3vtx,A,K7N5L8,PF13414,1.0
818,3vtx,A,K7N5L8,PF13432,1.0
819,3vtx,B,K7N5L8,PF00515,1.0
820,3vtx,B,K7N5L8,PF13181,1.0
821,3vtx,B,K7N5L8,PF13414,1.0
822,3vtx,B,K7N5L8,PF13432,1.0
823,3vty,B,K7N5L8,PF00515,1.0
824,3vty,B,K7N5L8,PF13181,1.0
825,3vty,B,K7N5L8,PF13414,1.0
826,3vty,B,K7N5L8,PF13432,1.0
827,3vty,C,K7N5L8,PF00515,1.0
828,3vty,C,K7N5L8,PF13181,1.0
829,3vty,C,K7N5L8,PF13414,1.0
830,3vty,C,K7N5L8,PF13432,1.0
831,3vty,D,K7N5L8,PF00515,1.0
832,3vty,D,K7N5L8,PF13181,1.0
833,3vty,D,K7N5L8,PF13414,1.0
834,3vty,D,K7N5L8,PF13432,1.0
835,3w3w,A,P32337,PF18808,1.0
836,3w3w,A,P32337,PF18816,1.0
837,3w3w,A,P32337,PF18829,1.0
838,3w3x,A,P32337,PF18808,1.0
839,3w3x,A,P32337,PF18816,1.0
840,3w3x,A,P32337,PF18829,1.0
841,3w3y,A,P32337,PF18808,1.0
842,3w3y,A,P32337,PF18816,1.0
843,3w3y,A,P32337,PF18829,1.0
844,3w3z,A,P32337,PF18808,1.0
845,3w3z,A,P32337,PF18816,1.0
846,3w3z,A,P32337,PF18829,1.0
847,3w5k,A,Q14974,PF00514,1.0
848,3w5k,A,Q14974,PF03810,1.0
849,3woy,A,O75122,PF12348,1.0
850,3wpt,A,P52292,PF00514,1.0
851,3wpt,B,P52292,PF00514,1.0
852,3zfw,B,O88448,PF00515,1.0
853,3zfw,B,O88448,PF13374,1.0
854,3zgq,A,Q13325,PF13181,1.0
855,3zgq,A,Q13325,PF13374,1.0
856,3zgq,A,Q13325,PF13424,1.0
857,3zhp,A,Q9H9S4,PF08569,1.0
858,3zhp,B,Q9H9S4,PF08569,1.0
859,3zin,A,P52293,PF00514,1.0
860,3zio,A,P52293,PF00514,1.0
861,3zip,A,P52293,PF00514,1.0
862,3ziq,A,P52293,PF00514,1.0
863,3zir,A,P52293,PF00514,1.0
864,3zjy,B,O94829,PF03810,1.0
865,3zjy,B,O94829,PF08389,1.0
866,3zjy,B,O94829,PF18773,1.0
867,3zjy,B,O94829,PF18786,1.0
868,3zjy,B,O94829,PF18806,1.0
869,3zjy,E,O94829,PF03810,1.0
870,3zjy,E,O94829,PF08389,1.0
871,3zjy,E,O94829,PF18773,1.0
872,3zjy,E,O94829,PF18786,1.0
873,3zjy,E,O94829,PF18806,1.0
874,3zkj,A,Q96DX5,PF07525,1.0
875,3zkj,A,Q96DX5,PF12796,1.0
876,3zkj,D,Q96DX5,PF07525,1.0
877,3zkj,D,Q96DX5,PF12796,1.0
878,3zn3,A,O94556,PF04049,1.0
879,3zng,A,Q96DX5,PF07525,1.0
880,3zng,A,Q96DX5,PF12796,1.0
881,3zng,D,Q96DX5,PF07525,1.0
882,3zng,D,Q96DX5,PF12796,1.0
883,4a0c,A,Q86VP6,PF08623,1.0
884,4a0c,B,Q86VP6,PF08623,1.0
885,4a1g,A,O43683,PF08311,1.0
886,4a1g,B,O43683,PF08311,1.0
887,4a1g,C,O43683,PF08311,1.0
888,4a1g,D,O43683,PF08311,1.0
889,4a1s,A,Q9VB22,PF13176,1.0
890,4a1s,A,Q9VB22,PF13424,1.0
891,4ady,B,P32565,PF01851,1.0
892,4ady,B,P32565,PF13646,1.0
893,4ady,B,P32565,PF18004,1.0
894,4am9,A,O87496,PF07720,1.0
895,4ay5,B,O15294,PF13414,1.0
896,4ay5,B,O15294,PF13844,1.0
897,4ay5,C,O15294,PF13414,1.0
898,4ay5,C,O15294,PF13844,1.0
899,4ay6,A,O15294,PF13414,1.0
900,4ay6,A,O15294,PF13844,1.0
901,4b18,A,P52294,PF00514,1.0
902,4b8j,A,Q71VM4,PF00514,1.0
903,4b8j,A,Q71VM4,PF01749,1.0
904,4b8j,A,Q71VM4,PF16186,1.0
905,4b8o,A,Q71VM4,PF00514,1.0
906,4b8o,A,Q71VM4,PF16186,1.0
907,4b8p,A,Q71VM4,PF00514,1.0
908,4b8p,A,Q71VM4,PF16186,1.0
909,4b8p,B,Q71VM4,PF00514,1.0
910,4b8p,B,Q71VM4,PF16186,1.0
911,4b93,B,Q96NW4,PF12796,1.0
912,4ba3,A,P52293,PF00514,1.0
913,4ba3,A,P52293,PF16186,1.0
914,4bpl,A,Q71VM4,PF00514,1.0
915,4bpl,A,Q71VM4,PF16186,1.0
916,4bqk,A,Q71VM4,PF00514,1.0
917,4bqk,A,Q71VM4,PF16186,1.0
918,4bqk,B,Q71VM4,PF00514,1.0
919,4bqk,B,Q71VM4,PF16186,1.0
920,4bsm,A,O14980,PF03810,1.0
921,4bsm,A,O14980,PF08389,1.0
922,4bsm,A,O14980,PF08767,1.0
923,4bsm,A,O14980,PF18777,1.0
924,4bsm,A,O14980,PF18784,1.0
925,4bsm,A,O14980,PF18787,1.0
926,4buj,B,P17883,PF13181,1.0
927,4buj,B,P17883,PF18833,1.0
928,4buj,F,P17883,PF13181,1.0
929,4buj,F,P17883,PF18833,1.0
930,4c0o,A,Q9Y5L0,PF08389,1.0
931,4c0o,B,Q9Y5L0,PF08389,1.0
932,4cj9,A,E5AV36,PF03377,1.0
933,4djs,A,P35222,PF00514,1.0
934,4dx1,A,Q9HBA0,PF00023,1.0
935,4dzs,A,P25339,PF00806,1.0
936,4dzs,B,P25339,PF00806,1.0
937,4ev9,A,Q02248,PF00514,1.0
938,4fdd,A,Q92973,PF03810,1.0
939,4fdd,A,Q92973,PF13513,1.0
940,4fp9,B,Q7Z6M4,PF02536,1.0
941,4fp9,E,Q7Z6M4,PF02536,1.0
942,4fp9,H,Q7Z6M4,PF02536,1.0
943,4fq3,A,Q92973,PF03810,1.0
944,4fq3,A,Q92973,PF13513,1.0
945,4g1t,B,P09913,PF13181,1.0
946,4g2v,A,Q8VDU0,PF13176,1.0
947,4g2v,A,Q8VDU0,PF13181,1.0
948,4g2v,A,Q8VDU0,PF13424,1.0
949,4g8k,A,Q05823,PF00023,1.0
950,4g8k,B,Q05823,PF00023,1.0
951,4g8l,A,Q05823,PF00023,1.0
952,4g8l,B,Q05823,PF00023,1.0
953,4g8l,C,Q05823,PF00023,1.0
954,4g8l,D,Q05823,PF00023,1.0
955,4gcn,A,O16259,PF00515,1.0
956,4gcn,A,O16259,PF13424,1.0
957,4gcn,B,O16259,PF00515,1.0
958,4gcn,B,O16259,PF13424,1.0
959,4gg4,A,Q3ZD72,PF03377,1.0
960,4grg,A,L7MTK7,PF13857,1.0
961,4gtm,A,Q04631,PF01239,1.0
962,4gto,A,Q04631,PF01239,1.0
963,4gtp,A,Q04631,PF01239,1.0
964,4gtq,A,Q04631,PF01239,1.0
965,4gtr,A,Q04631,PF01239,1.0
966,4gyo,B,O34327,PF18801,1.0
967,4hbd,A,Q63ZY3,PF13637,1.0
968,4hmy,A,P22892,PF01602,1.0
969,4hmy,B,Q10567,PF01602,1.0
970,4hoq,A,Q13325,PF13181,1.0
971,4hoq,A,Q13325,PF13374,1.0
972,4hoq,A,Q13325,PF13424,1.0
973,4hor,A,Q13325,PF13181,1.0
974,4hor,A,Q13325,PF13374,1.0
975,4hor,A,Q13325,PF13424,1.0
976,4hot,A,Q13325,PF13181,1.0
977,4hot,A,Q13325,PF13374,1.0
978,4hot,A,Q13325,PF13424,1.0
979,4hpz,A,L7MTL1,PF03377,1.0
980,4htv,A,P52293,PF00514,1.0
981,4htv,A,P52293,PF16186,1.0
982,4hzk,A,G0RZB7,PF08389,1.0
983,4hzk,A,G0RZB7,PF08767,1.0
984,4hzk,A,G0RZB7,PF18777,1.0
985,4hzk,A,G0RZB7,PF18784,1.0
986,4hzk,A,G0RZB7,PF18787,1.0
987,4i1a,A,P96649,PF13424,1.0
988,4i1a,A,P96649,PF18801,1.0
989,4i1a,B,P96649,PF13424,1.0
990,4i1a,B,P96649,PF18801,1.0
991,4i5l,A,P30153,PF02985,1.0
992,4i5l,D,P30153,PF02985,1.0
993,4i5n,A,P30153,PF02985,1.0
994,4i5n,D,P30153,PF02985,1.0
995,4j0u,A,Q13325,PF13181,1.0
996,4j0u,A,Q13325,PF13374,1.0
997,4j0u,A,Q13325,PF13424,1.0
998,4jlq,A,Q92973,PF03810,1.0
999,4jlq,A,Q92973,PF13513,1.0
1000,4l7m,A,B6YW62,PF13646,1.0
1001,4r7s,A,A7AK45,PF13432,1.0
1002,4rg7,A,P30260,PF00515,1.0
1003,4rg7,A,P30260,PF12895,1.0
1004,4rg9,A,P30260,PF00515,1.0
1005,4rg9,A,P30260,PF12895,1.0
1006,4rg9,B,P30260,PF00515,1.0
1007,4rg9,B,P30260,PF12895,1.0
1008,4rlv,A,Q01484,PF00023,1.0
1009,4rly,A,Q01484,PF00023,1.0
1010,4rly,A,Q01484,PF00023,1.0
1011,4rxh,B,Q9C2K9,PF00514,1.0
1012,4rxh,B,Q9C2K9,PF16186,1.0
1013,4tnm,A,O04294,PF00514,1.0
1014,4tnm,A,O04294,PF01749,1.0
1015,4tnm,A,O04294,PF16186,1.0
1016,4tum,A,Q9SAR5,PF13637,1.0
1017,4tum,A,Q9SAR5,PF13857,1.0
1018,4tum,B,Q9SAR5,PF13637,1.0
1019,4tum,B,Q9SAR5,PF13857,1.0
1020,4tum,C,Q9SAR5,PF13637,1.0
1021,4tum,C,Q9SAR5,PF13857,1.0
1022,4tum,D,Q9SAR5,PF13637,1.0
1023,4tum,D,Q9SAR5,PF13857,1.0
1024,4tum,E,Q9SAR5,PF13637,1.0
1025,4tum,E,Q9SAR5,PF13857,1.0
1026,4u54,A,P52293,PF00514,1.0
1027,4u58,A,P52293,PF00514,1.0
1028,4u5l,A,P52293,PF00514,1.0
1029,4u5n,A,P52293,PF00514,1.0
1030,4u5o,A,P52293,PF00514,1.0
1031,4u5s,A,P52293,PF00514,1.0
1032,4u5u,A,P52293,PF00514,1.0
1033,4u5v,A,P52293,PF00514,1.0
1034,4uad,A,O60684,PF00514,1.0
1035,4uad,A,O60684,PF16186,1.0
1036,4uae,A,O00629,PF00514,1.0
1037,4uaf,B,P52293,PF00514,1.0
1038,4uaf,B,P52293,PF16186,1.0
1039,4ui9,A,Q9H1A4,PF12859,1.0
1040,4ui9,A,Q9H1A4,PF18122,1.0
1041,4ui9,C,Q9UJX2,PF04049,1.0
1042,4ui9,F,P30260,PF00515,1.0
1043,4ui9,F,P30260,PF12895,1.0
1044,4ui9,X,Q9UJX3,PF13181,1.0
1045,4ui9,X,Q9UJX3,PF13432,1.0
1046,4uuc,A,Q8WXH4,PF12796,1.0
1047,4uuc,A,Q8WXH4,PF13637,1.0
1048,4uzy,A,A8ITN7,PF12895,1.0
1049,4uzy,A,A8ITN7,PF13174,1.0
1050,4wnd,A,P81274,PF13176,1.0
1051,4wnd,A,P81274,PF13181,1.0
1052,4wne,A,P81274,PF13176,1.0
1053,4wne,A,P81274,PF13181,1.0
1054,4wng,A,P81274,PF13176,1.0
1055,4wng,A,P81274,PF13181,1.0
1056,4wv6,A,P52292,PF00514,1.0
1057,4wv6,A,P52292,PF16186,1.0
1058,4wwp,A,P48736,PF00454,1.0
1059,4wwp,A,P48736,PF00613,1.0
1060,4wwp,A,P48736,PF00792,1.0
1061,4wwp,A,P48736,PF00794,1.0
1062,4wzr,A,Q15397,PF08144,1.0
1063,4wzr,A,Q15397,PF08144,1.0
1064,4wzr,B,Q15397,PF08144,1.0
1065,4wzr,B,Q15397,PF08144,1.0
1066,4wzw,A,Q15397,PF08144,1.0
1067,4wzw,A,Q15397,PF08144,1.0
1068,4x8q,A,A0A0M3KL00,PF08713,1.0
1069,4xcz,A,F8RC03,PF00551,1.0
1070,4xcz,A,F8RC03,PF12796,1.0
1071,4xd0,A,F8RC03,PF00551,1.0
1072,4xd0,A,F8RC03,PF12796,1.0
1073,4xi0,A,C4XPQ7,PF07719,1.0
1074,4xi0,A,C4XPQ7,PF13432,1.0
1075,4xi0,B,C4XPQ7,PF07719,1.0
1076,4xi0,B,C4XPQ7,PF13432,1.0
1077,4xi0,C,C4XPQ7,PF07719,1.0
1078,4xi0,C,C4XPQ7,PF13432,1.0
1079,4xi0,D,C4XPQ7,PF07719,1.0
1080,4xi0,D,C4XPQ7,PF13432,1.0
1081,4xi0,E,C4XPQ7,PF07719,1.0
1082,4xi0,E,C4XPQ7,PF13432,1.0
1083,4xi0,F,C4XPQ7,PF07719,1.0
1084,4xi0,F,C4XPQ7,PF13432,1.0
1085,4xri,A,G0S143,PF03810,1.0
1086,4xri,A,G0S143,PF13513,1.0
1087,4xzr,B,Q02821,PF00514,1.0
1088,4y6w,A,A0A090CRQ5,PF13424,1.0
1089,4yi0,C,P52293,PF00514,1.0
1090,4yi0,C,P52293,PF16186,1.0
1091,4yje,A,P25054,PF00514,1.0
1092,4z68,A,Q9H2K2,PF12796,1.0
1093,4z68,A,Q9H2K2,PF13637,1.0
1094,4zdu,A,P52293,PF00514,1.0
1095,5a31,O,Q9UJX4,PF12862,1.0
1096,5a31,P,Q9UJX2,PF04049,1.0
1097,5a5b,P,Q12250,PF01399,1.0
1098,5a5b,P,Q12250,PF18098,1.0
1099,5a5b,Q,Q12377,PF01399,1.0
1100,5a5b,Q,Q12377,PF18055,1.0
1101,5a5b,Q,Q12377,PF18503,1.0
1102,5a5b,Z,P38764,PF01851,1.0
1103,5a5b,Z,P38764,PF17781,1.0
1104,5a5b,Z,P38764,PF18051,1.0
1105,5a5b,Z,P38764,PF01851,1.0
1106,5a5b,Z,P38764,PF17781,1.0
1107,5a5b,Z,P38764,PF18051,1.0
1108,5a5t,M,G1SLW8,PF01399,1.0
1109,5a5t,M,G1SLW8,PF18005,1.0
1110,5a6c,A,P81274,PF13176,1.0
1111,5a6c,A,P81274,PF13181,1.0
1112,5a9q,1,Q12769,PF11715,1.0
1113,5b26,A,Q9Z2G6,PF08238,1.0
1114,5b26,B,Q9Z2G6,PF08238,1.0
1115,5b26,C,Q9Z2G6,PF08238,1.0
1116,5b26,D,Q9Z2G6,PF08238,1.0
1117,5b56,A,P52293,PF00514,1.0
1118,5b56,A,P52293,PF16186,1.0
1119,5b56,B,P52293,PF00514,1.0
1120,5b56,B,P52293,PF16186,1.0
1121,5bym,A,P39016,PF00806,1.0
1122,5bz1,A,P39016,PF00806,1.0
1123,5bzu,A,P39016,PF00806,1.0
1124,5bzv,A,P39016,PF00806,1.0
1125,5c9s,B,Q05022,PF00575,1.0
1126,5cea,A,Q6MHS9,PF12796,1.0
1127,5cea,B,Q6MHS9,PF12796,1.0
1128,5cea,C,Q6MHS9,PF12796,1.0
1129,5cea,D,Q6MHS9,PF12796,1.0
1130,5cea,E,Q6MHS9,PF12796,1.0
1131,5cec,B,Q6MHS9,PF12796,1.0
1132,5ced,B,Q6MHS9,PF12796,1.0
1133,5cer,B,Q6MHS9,PF12796,1.0
1134,5cer,D,Q6MHS9,PF12796,1.0
1135,5cer,F,Q6MHS9,PF12796,1.0
1136,5cer,H,Q6MHS9,PF12796,1.0
1137,5cer,J,Q6MHS9,PF12796,1.0
1138,5cer,L,Q6MHS9,PF12796,1.0
1139,5ctt,A,P52293,PF00514,1.0
1140,5d0q,H,P0AC02,PF13525,1.0
1141,5d5k,C,P52293,PF00514,1.0
1142,5d5k,C,P52293,PF16186,1.0
1143,5d66,A,B0VB33,PF12796,1.0
1144,5d66,B,B0VB33,PF12796,1.0
1145,5dbk,A,M1Q3P9,PF13424,1.0
1146,5dbk,B,M1Q3P9,PF13424,1.0
1147,5e6q,B,P52293,PF00514,1.0
1148,5e6q,B,P52293,PF16186,1.0
1149,5ekg,A,P52293,PF00514,1.0
1150,5ekg,A,P52293,PF16186,1.0
1151,5hhg,E,P52293,PF00514,1.0
1152,5huw,C,P52293,PF00514,1.0
1153,5huw,C,P52293,PF01749,1.0
1154,5huw,C,P52293,PF16186,1.0
1155,5huy,C,P52293,PF00514,1.0
1156,5huy,C,P52293,PF01749,1.0
1157,5huy,C,P52293,PF16186,1.0
1158,5klr,B,P52293,PF00514,1.0
1159,5klr,B,P52293,PF16186,1.0
1160,5klt,B,P52293,PF00514,1.0
1161,5klt,B,P52293,PF16186,1.0
1162,1bi7,B,P42771,PF13637,
1163,1elw,A,P31948,PF13414,
1164,1ldk,A,Q13616,PF00888,
1165,1mj0,A,,,
1166,1na0,A,,,
1167,1na0,B,,,
1168,1svx,A,,,
1169,1sza,A,,,
1170,1sza,C,,,
1171,1tjc,A,,,
1172,1xnf,A,,,
1173,1xnf,B,,,
1174,1xqr,B,,,
1175,1xqs,A,,,
1176,1xqs,B,,,
1177,2a5e,A,,,
1178,2aja,A,,,
1179,2bkg,A,,,
1180,2bkg,B,,,
1181,2bkk,B,,,
1182,2bkk,D,,,
1183,2bpt,A,,,
1184,2fbn,A,,,
1185,2fo7,A,,,
1186,2hyz,A,,,
1187,2iae,E,,,
1188,2j8s,D,,,
1189,2j8s,E,,,
1190,2mhk,A,,,
1191,2nyl,B,,,
1192,2nyl,E,,,
1193,2nym,B,,,
1194,2nym,E,,,
1195,2ond,A,,,
1196,2ond,B,,,
1197,2p2c,P,,,
1198,2p2c,Q,,,
1199,2p2c,R,,,
1200,2p2c,S,,,
1201,2p2c,T,,,
1202,2p2c,U,,,
1203,2qk1,A,,,
1204,2qyj,A,,,
1205,2r17,C,,,
1206,2r17,D,,,
1207,2v4h,C,,,
1208,2v5q,C,,,
1209,2v5q,D,,,
1210,2xcb,A,,,
1211,2xee,A,,,
1212,2xee,B,,,
1213,2xee,C,,,
1214,2xee,D,,,
1215,2xeh,A,,,
1216,2xeh,B,,,
1217,2xeh,C,,,
1218,2y0b,G,,,
1219,2y0b,H,,,
1220,2y1l,F,,,
1221,3c5w,A,,,
1222,3gs3,A,,,
1223,3hg0,D,,,
1224,3j96,J,,,
1225,3k9i,A,,,
1226,3kae,B,,,
1227,3kd7,C,,,
1228,3ltj,A,,,
1229,3ltm,A,,,
1230,3ltm,B,,,
1231,3noc,D,,,
1232,3noc,E,,,
1233,3nog,D,,,
1234,3nog,E,,,
1235,3q9n,C,,,
1236,3q9n,D,,,
1237,3q9u,C,,,
1238,3q9u,D,,,
1239,3rk6,A,,,
1240,3t8k,A,,,
1241,3t8k,B,,,
1242,3vwa,A,,,
1243,3woz,B,,,
1244,3woz,D,,,
1245,3zu7,B,,,
1246,4atz,D,,,
1247,4atz,E,,,
1248,4atz,F,,,
1249,4db6,A,,,
1250,4db8,A,,,
1251,4db9,A,,,
1252,4db9,B,,,
1253,4db9,C,,,
1254,4db9,D,,,
1255,4db9,E,,,
1256,4db9,F,,,
1257,4drx,E,,,
1258,4drx,F,,,
1259,4dui,A,,,
1260,4dx5,D,,,
1261,4dx5,E,,,
1262,4dx6,D,,,
1263,4dx6,E,,,
1264,4dx7,D,,,
1265,4dx7,E,,,
1266,4efr,C,,,
1267,4f3v,A,,,
1268,4f6r,D,,,
1269,4ffb,C,,,
1270,4fzf,A,,,
1271,4ga0,A,,,
1272,4ga1,A,,,
1273,4ga2,A,,,
1274,4gmj,A,,,
1275,4gmr,A,,,
1276,4gmr,B,,,
1277,4gpm,A,,,
1278,4gpm,B,,,
1279,4hb5,A,,,
1280,4hb5,B,,,
1281,4hna,D,,,
1282,4hqd,A,,,
1283,4hqd,B,,,
1284,4hxt,A,,,
1285,4i17,A,,,
1286,4j7w,A,,,
1287,4j7w,B,,,
1288,4j8y,A,,,
1289,4jb8,P,,,
1290,4rv1,A,,,
1291,4rv1,B,,,
1292,4rv1,C,,,
1293,4rv1,D,,,
1294,4rv1,E,,,
1295,4rv1,F,,,
1296,4u8v,D,,,
1297,4u8v,E,,,
1298,4u8y,D,,,
1299,4u8y,E,,,
1300,4u95,D,,,
1301,4u95,E,,,
1302,4u96,D,,,
1303,4u96,E,,,
1304,4v3q,C,,,
1305,4wn4,B,,,
1306,4wsl,A,,,
1307,4wzs,C,,,
1308,4xl5,C,,,
1309,4ydw,A,,,
1310,4ydw,B,,,
1311,4ydy,A,,,
1312,4ydy,B,,,
1313,4zv6,A,,,
1314,5a7d,L,,,
1315,5cbo,G,,,
1316,5cwk,A,,,
1317,5dn7,A,,,
1318,5eyp,F,,,
1319,5i9g,C,,,
